"filename", "language", "JSON", "Markdown", "Dart", "YAML", "Properties", "Groovy", "XML", "Python", "C++", "Swift", "comment", "blank", "total"
"/Users/carltonaikins/Desktop/Home/Programming/projects/elisha/.vscodecounter/2022-01-31_01-22-21/details.md", "Markdown", 0, 159, 0, 0, 0, 0, 0, 0, 0, 0, 0, 6, 165
"/Users/carltonaikins/Desktop/Home/Programming/projects/elisha/.vscodecounter/2022-01-31_01-22-21/diff-details.md", "Markdown", 0, 159, 0, 0, 0, 0, 0, 0, 0, 0, 0, 6, 165
"/Users/carltonaikins/Desktop/Home/Programming/projects/elisha/.vscodecounter/2022-01-31_01-22-21/diff.md", "Markdown", 0, 88, 0, 0, 0, 0, 0, 0, 0, 0, 0, 7, 95
"/Users/carltonaikins/Desktop/Home/Programming/projects/elisha/.vscodecounter/2022-01-31_01-22-21/results.json", "JSON", 1, 0, 0, 0, 0, 0, 0, 0, 0, 0, 0, 0, 1
"/Users/carltonaikins/Desktop/Home/Programming/projects/elisha/.vscodecounter/2022-01-31_01-22-21/results.md", "Markdown", 0, 88, 0, 0, 0, 0, 0, 0, 0, 0, 0, 7, 95
"/Users/carltonaikins/Desktop/Home/Programming/projects/elisha/.vscodecounter/2022-02-01_00-26-37/details.md", "Markdown", 0, 162, 0, 0, 0, 0, 0, 0, 0, 0, 0, 6, 168
"/Users/carltonaikins/Desktop/Home/Programming/projects/elisha/.vscodecounter/2022-02-01_00-26-37/diff-details.md", "Markdown", 0, 61, 0, 0, 0, 0, 0, 0, 0, 0, 0, 6, 67
"/Users/carltonaikins/Desktop/Home/Programming/projects/elisha/.vscodecounter/2022-02-01_00-26-37/diff.md", "Markdown", 0, 44, 0, 0, 0, 0, 0, 0, 0, 0, 0, 7, 51
"/Users/carltonaikins/Desktop/Home/Programming/projects/elisha/.vscodecounter/2022-02-01_00-26-37/results.json", "JSON", 1, 0, 0, 0, 0, 0, 0, 0, 0, 0, 0, 0, 1
"/Users/carltonaikins/Desktop/Home/Programming/projects/elisha/.vscodecounter/2022-02-01_00-26-37/results.md", "Markdown", 0, 88, 0, 0, 0, 0, 0, 0, 0, 0, 0, 7, 95
"/Users/carltonaikins/Desktop/Home/Programming/projects/elisha/.vscodecounter/2022-02-03_00-14-06/details.md", "Markdown", 0, 164, 0, 0, 0, 0, 0, 0, 0, 0, 0, 6, 170
"/Users/carltonaikins/Desktop/Home/Programming/projects/elisha/.vscodecounter/2022-02-03_00-14-06/diff-details.md", "Markdown", 0, 67, 0, 0, 0, 0, 0, 0, 0, 0, 0, 6, 73
"/Users/carltonaikins/Desktop/Home/Programming/projects/elisha/.vscodecounter/2022-02-03_00-14-06/diff.md", "Markdown", 0, 53, 0, 0, 0, 0, 0, 0, 0, 0, 0, 7, 60
"/Users/carltonaikins/Desktop/Home/Programming/projects/elisha/.vscodecounter/2022-02-03_00-14-06/results.json", "JSON", 1, 0, 0, 0, 0, 0, 0, 0, 0, 0, 0, 0, 1
"/Users/carltonaikins/Desktop/Home/Programming/projects/elisha/.vscodecounter/2022-02-03_00-14-06/results.md", "Markdown", 0, 88, 0, 0, 0, 0, 0, 0, 0, 0, 0, 7, 95
"/Users/carltonaikins/Desktop/Home/Programming/projects/elisha/.vscodecounter/2022-02-26_23-48-01/details.md", "Markdown", 0, 188, 0, 0, 0, 0, 0, 0, 0, 0, 0, 6, 194
"/Users/carltonaikins/Desktop/Home/Programming/projects/elisha/.vscodecounter/2022-02-26_23-48-01/diff-details.md", "Markdown", 0, 71, 0, 0, 0, 0, 0, 0, 0, 0, 0, 6, 77
"/Users/carltonaikins/Desktop/Home/Programming/projects/elisha/.vscodecounter/2022-02-26_23-48-01/diff.md", "Markdown", 0, 62, 0, 0, 0, 0, 0, 0, 0, 0, 0, 7, 69
"/Users/carltonaikins/Desktop/Home/Programming/projects/elisha/.vscodecounter/2022-02-26_23-48-01/results.json", "JSON", 1, 0, 0, 0, 0, 0, 0, 0, 0, 0, 0, 0, 1
"/Users/carltonaikins/Desktop/Home/Programming/projects/elisha/.vscodecounter/2022-02-26_23-48-01/results.md", "Markdown", 0, 97, 0, 0, 0, 0, 0, 0, 0, 0, 0, 7, 104
"/Users/carltonaikins/Desktop/Home/Programming/projects/elisha/.vscodecounter/2022-02-27_13-38-22/details.md", "Markdown", 0, 191, 0, 0, 0, 0, 0, 0, 0, 0, 0, 6, 197
"/Users/carltonaikins/Desktop/Home/Programming/projects/elisha/.vscodecounter/2022-02-27_13-38-22/diff-details.md", "Markdown", 0, 18, 0, 0, 0, 0, 0, 0, 0, 0, 0, 6, 24
"/Users/carltonaikins/Desktop/Home/Programming/projects/elisha/.vscodecounter/2022-02-27_13-38-22/diff.md", "Markdown", 0, 25, 0, 0, 0, 0, 0, 0, 0, 0, 0, 7, 32
"/Users/carltonaikins/Desktop/Home/Programming/projects/elisha/.vscodecounter/2022-02-27_13-38-22/results.json", "JSON", 1, 0, 0, 0, 0, 0, 0, 0, 0, 0, 0, 0, 1
"/Users/carltonaikins/Desktop/Home/Programming/projects/elisha/.vscodecounter/2022-02-27_13-38-22/results.md", "Markdown", 0, 97, 0, 0, 0, 0, 0, 0, 0, 0, 0, 7, 104
"/Users/carltonaikins/Desktop/Home/Programming/projects/elisha/README.md", "Markdown", 0, 73, 0, 0, 0, 0, 0, 0, 0, 0, 1, 31, 105
"/Users/carltonaikins/Desktop/Home/Programming/projects/elisha/analysis_options.yaml", "YAML", 0, 0, 0, 3, 0, 0, 0, 0, 0, 0, 23, 3, 29
"/Users/carltonaikins/Desktop/Home/Programming/projects/elisha/android/app/build.gradle", "Groovy", 0, 0, 0, 0, 0, 66, 0, 0, 0, 0, 1, 12, 79
"/Users/carltonaikins/Desktop/Home/Programming/projects/elisha/android/app/google-services.json", "JSON", 47, 0, 0, 0, 0, 0, 0, 0, 0, 0, 0, 0, 47
"/Users/carltonaikins/Desktop/Home/Programming/projects/elisha/android/app/src/debug/AndroidManifest.xml", "XML", 0, 0, 0, 0, 0, 0, 6, 0, 0, 0, 3, 1, 10
"/Users/carltonaikins/Desktop/Home/Programming/projects/elisha/android/app/src/main/AndroidManifest.xml", "XML", 0, 0, 0, 0, 0, 0, 35, 0, 0, 0, 11, 2, 48
"/Users/carltonaikins/Desktop/Home/Programming/projects/elisha/android/app/src/main/res/drawable-night-v21/launch_background.xml", "XML", 0, 0, 0, 0, 0, 0, 6, 0, 0, 0, 0, 0, 6
"/Users/carltonaikins/Desktop/Home/Programming/projects/elisha/android/app/src/main/res/drawable-night/launch_background.xml", "XML", 0, 0, 0, 0, 0, 0, 6, 0, 0, 0, 0, 0, 6
"/Users/carltonaikins/Desktop/Home/Programming/projects/elisha/android/app/src/main/res/drawable-v21/launch_background.xml", "XML", 0, 0, 0, 0, 0, 0, 6, 0, 0, 0, 0, 0, 6
"/Users/carltonaikins/Desktop/Home/Programming/projects/elisha/android/app/src/main/res/drawable/launch_background.xml", "XML", 0, 0, 0, 0, 0, 0, 6, 0, 0, 0, 0, 0, 6
"/Users/carltonaikins/Desktop/Home/Programming/projects/elisha/android/app/src/main/res/values-night/styles.xml", "XML", 0, 0, 0, 0, 0, 0, 10, 0, 0, 0, 9, 0, 19
"/Users/carltonaikins/Desktop/Home/Programming/projects/elisha/android/app/src/main/res/values/styles.xml", "XML", 0, 0, 0, 0, 0, 0, 10, 0, 0, 0, 9, 0, 19
"/Users/carltonaikins/Desktop/Home/Programming/projects/elisha/android/app/src/profile/AndroidManifest.xml", "XML", 0, 0, 0, 0, 0, 0, 9, 0, 0, 0, 3, 1, 13
"/Users/carltonaikins/Desktop/Home/Programming/projects/elisha/android/build.gradle", "Groovy", 0, 0, 0, 0, 0, 29, 0, 0, 0, 0, 0, 5, 34
"/Users/carltonaikins/Desktop/Home/Programming/projects/elisha/android/gradle.properties", "Properties", 0, 0, 0, 0, 3, 0, 0, 0, 0, 0, 0, 1, 4
"/Users/carltonaikins/Desktop/Home/Programming/projects/elisha/android/gradle/wrapper/gradle-wrapper.properties", "Properties", 0, 0, 0, 0, 5, 0, 0, 0, 0, 0, 1, 1, 7
"/Users/carltonaikins/Desktop/Home/Programming/projects/elisha/android/settings.gradle", "Groovy", 0, 0, 0, 0, 0, 8, 0, 0, 0, 0, 0, 4, 12
"/Users/carltonaikins/Desktop/Home/Programming/projects/elisha/backend/asv.json", "JSON", 277401, 0, 0, 0, 0, 0, 0, 0, 0, 0, 0, 1, 277402
"/Users/carltonaikins/Desktop/Home/Programming/projects/elisha/backend/bbe.json", "JSON", 1, 0, 0, 0, 0, 0, 0, 0, 0, 0, 0, 0, 1
"/Users/carltonaikins/Desktop/Home/Programming/projects/elisha/backend/kjv.json", "JSON", 1, 0, 0, 0, 0, 0, 0, 0, 0, 0, 0, 0, 1
"/Users/carltonaikins/Desktop/Home/Programming/projects/elisha/backend/web.json", "JSON", 1, 0, 0, 0, 0, 0, 0, 0, 0, 0, 0, 0, 1
"/Users/carltonaikins/Desktop/Home/Programming/projects/elisha/backend/ylt.json", "JSON", 1, 0, 0, 0, 0, 0, 0, 0, 0, 0, 0, 0, 1
"/Users/carltonaikins/Desktop/Home/Programming/projects/elisha/firebase.json", "JSON", 13, 0, 0, 0, 0, 0, 0, 0, 0, 0, 0, 1, 14
"/Users/carltonaikins/Desktop/Home/Programming/projects/elisha/flutter_launcher_icons.yaml", "YAML", 0, 0, 0, 4, 0, 0, 0, 0, 0, 0, 0, 1, 5
"/Users/carltonaikins/Desktop/Home/Programming/projects/elisha/flutter_native_splash.yaml", "YAML", 0, 0, 0, 3, 0, 0, 0, 0, 0, 0, 60, 10, 73
"/Users/carltonaikins/Desktop/Home/Programming/projects/elisha/ios/Runner/AppDelegate.swift", "Swift", 0, 0, 0, 0, 0, 0, 0, 0, 0, 16, 0, 2, 18
"/Users/carltonaikins/Desktop/Home/Programming/projects/elisha/ios/Runner/Assets.xcassets/AppIcon.appiconset/Contents.json", "JSON", 122, 0, 0, 0, 0, 0, 0, 0, 0, 0, 0, 1, 123
"/Users/carltonaikins/Desktop/Home/Programming/projects/elisha/ios/Runner/Assets.xcassets/LaunchBackground.imageset/Contents.json", "JSON", 52, 0, 0, 0, 0, 0, 0, 0, 0, 0, 0, 1, 53
"/Users/carltonaikins/Desktop/Home/Programming/projects/elisha/ios/Runner/Assets.xcassets/LaunchImage.imageset/Contents.json", "JSON", 23, 0, 0, 0, 0, 0, 0, 0, 0, 0, 0, 1, 24
"/Users/carltonaikins/Desktop/Home/Programming/projects/elisha/ios/Runner/Assets.xcassets/LaunchImage.imageset/README.md", "Markdown", 0, 3, 0, 0, 0, 0, 0, 0, 0, 0, 0, 2, 5
"/Users/carltonaikins/Desktop/Home/Programming/projects/elisha/ios/Runner/Base.lproj/LaunchScreen.storyboard", "XML", 0, 0, 0, 0, 0, 0, 43, 0, 0, 0, 1, 0, 44
"/Users/carltonaikins/Desktop/Home/Programming/projects/elisha/ios/Runner/Base.lproj/Main.storyboard", "XML", 0, 0, 0, 0, 0, 0, 25, 0, 0, 0, 1, 1, 27
"/Users/carltonaikins/Desktop/Home/Programming/projects/elisha/ios/Runner/Runner-Bridging-Header.h", "C++", 0, 0, 0, 0, 0, 0, 0, 0, 1, 0, 0, 1, 2
"/Users/carltonaikins/Desktop/Home/Programming/projects/elisha/lib/main.dart", "Dart", 0, 0, 63, 0, 0, 0, 0, 0, 0, 0, 17, 14, 94
"/Users/carltonaikins/Desktop/Home/Programming/projects/elisha/lib/src/config/bottom_navigation_bar.dart", "Dart", 0, 0, 50, 0, 0, 0, 0, 0, 0, 0, 17, 6, 73
"/Users/carltonaikins/Desktop/Home/Programming/projects/elisha/lib/src/config/constants.dart", "Dart", 0, 0, 26, 0, 0, 0, 0, 0, 0, 0, 17, 7, 50
"/Users/carltonaikins/Desktop/Home/Programming/projects/elisha/lib/src/config/exceptions.dart", "Dart", 0, 0, 45, 0, 0, 0, 0, 0, 0, 0, 17, 6, 68
"/Users/carltonaikins/Desktop/Home/Programming/projects/elisha/lib/src/models/book.dart", "Dart", 0, 0, 63, 0, 0, 0, 0, 0, 0, 0, 17, 15, 95
"/Users/carltonaikins/Desktop/Home/Programming/projects/elisha/lib/src/models/chapter.dart", "Dart", 0, 0, 101, 0, 0, 0, 0, 0, 0, 0, 17, 26, 144
"/Users/carltonaikins/Desktop/Home/Programming/projects/elisha/lib/src/models/daily_devotional.dart", "Dart", 0, 0, 100, 0, 0, 0, 0, 0, 0, 0, 17, 25, 142
"/Users/carltonaikins/Desktop/Home/Programming/projects/elisha/lib/src/models/daily_reading.dart", "Dart", 0, 0, 63, 0, 0, 0, 0, 0, 0, 0, 17, 15, 95
"/Users/carltonaikins/Desktop/Home/Programming/projects/elisha/lib/src/models/local_user.dart", "Dart", 0, 0, 55, 0, 0, 0, 0, 0, 0, 0, 17, 13, 85
"/Users/carltonaikins/Desktop/Home/Programming/projects/elisha/lib/src/models/reading.dart", "Dart", 0, 0, 47, 0, 0, 0, 0, 0, 0, 0, 17, 12, 76
"/Users/carltonaikins/Desktop/Home/Programming/projects/elisha/lib/src/models/translation.dart", "Dart", 0, 0, 61, 0, 0, 0, 0, 0, 0, 0, 17, 13, 91
"/Users/carltonaikins/Desktop/Home/Programming/projects/elisha/lib/src/models/translation_book_chapter.dart", "Dart", 0, 0, 61, 0, 0, 0, 0, 0, 0, 0, 17, 13, 91
"/Users/carltonaikins/Desktop/Home/Programming/projects/elisha/lib/src/models/verse.dart", "Dart", 0, 0, 103, 0, 0, 0, 0, 0, 0, 0, 17, 20, 140
"/Users/carltonaikins/Desktop/Home/Programming/projects/elisha/lib/src/models/youtube_channel.dart", "Dart", 0, 0, 29, 0, 0, 0, 0, 0, 0, 0, 17, 5, 51
"/Users/carltonaikins/Desktop/Home/Programming/projects/elisha/lib/src/models/youtube_video.dart", "Dart", 0, 0, 20, 0, 0, 0, 0, 0, 0, 0, 17, 4, 41
"/Users/carltonaikins/Desktop/Home/Programming/projects/elisha/lib/src/providers/ad_state_provider.dart", "Dart", 0, 0, 5, 0, 0, 0, 0, 0, 0, 0, 17, 4, 26
"/Users/carltonaikins/Desktop/Home/Programming/projects/elisha/lib/src/providers/bible_books_provider.dart", "Dart", 0, 0, 10, 0, 0, 0, 0, 0, 0, 0, 17, 7, 34
"/Users/carltonaikins/Desktop/Home/Programming/projects/elisha/lib/src/providers/bible_chapters_provider.dart", "Dart", 0, 0, 12, 0, 0, 0, 0, 0, 0, 0, 17, 7, 36
"/Users/carltonaikins/Desktop/Home/Programming/projects/elisha/lib/src/providers/bible_repository_provider.dart", "Dart", 0, 0, 5, 0, 0, 0, 0, 0, 0, 0, 17, 4, 26
"/Users/carltonaikins/Desktop/Home/Programming/projects/elisha/lib/src/providers/bible_service_provider.dart", "Dart", 0, 0, 5, 0, 0, 0, 0, 0, 0, 0, 17, 4, 26
"/Users/carltonaikins/Desktop/Home/Programming/projects/elisha/lib/src/providers/bible_translations_provider.dart", "Dart", 0, 0, 9, 0, 0, 0, 0, 0, 0, 0, 17, 6, 32
"/Users/carltonaikins/Desktop/Home/Programming/projects/elisha/lib/src/providers/bible_verses_provider.dart", "Dart", 0, 0, 13, 0, 0, 0, 0, 0, 0, 0, 17, 8, 38
"/Users/carltonaikins/Desktop/Home/Programming/projects/elisha/lib/src/providers/daily_devotional_service_provider.dart", "Dart", 0, 0, 6, 0, 0, 0, 0, 0, 0, 0, 17, 4, 27
"/Users/carltonaikins/Desktop/Home/Programming/projects/elisha/lib/src/providers/daily_devotional_today_provider.dart", "Dart", 0, 0, 6, 0, 0, 0, 0, 0, 0, 0, 17, 5, 28
"/Users/carltonaikins/Desktop/Home/Programming/projects/elisha/lib/src/providers/daily_readings_future_provider.dart", "Dart", 0, 0, 7, 0, 0, 0, 0, 0, 0, 0, 17, 5, 29
"/Users/carltonaikins/Desktop/Home/Programming/projects/elisha/lib/src/providers/daily_readings_service_provider.dart", "Dart", 0, 0, 5, 0, 0, 0, 0, 0, 0, 0, 17, 4, 26
"/Users/carltonaikins/Desktop/Home/Programming/projects/elisha/lib/src/providers/last_translation_book_chapter_provider.dart", "Dart", 0, 0, 7, 0, 0, 0, 0, 0, 0, 0, 17, 4, 28
"/Users/carltonaikins/Desktop/Home/Programming/projects/elisha/lib/src/providers/local_user_repository_provider.dart", "Dart", 0, 0, 5, 0, 0, 0, 0, 0, 0, 0, 17, 4, 26
"/Users/carltonaikins/Desktop/Home/Programming/projects/elisha/lib/src/providers/reader_settings_repository_provider.dart", "Dart", 0, 0, 5, 0, 0, 0, 0, 0, 0, 0, 17, 4, 26
"/Users/carltonaikins/Desktop/Home/Programming/projects/elisha/lib/src/providers/streaks_repository_provider.dart", "Dart", 0, 0, 5, 0, 0, 0, 0, 0, 0, 0, 17, 4, 26
"/Users/carltonaikins/Desktop/Home/Programming/projects/elisha/lib/src/providers/study_tools_repository_provider.dart", "Dart", 0, 0, 5, 0, 0, 0, 0, 0, 0, 0, 17, 4, 26
"/Users/carltonaikins/Desktop/Home/Programming/projects/elisha/lib/src/providers/sunday_mass_service_provider.dart", "Dart", 0, 0, 5, 0, 0, 0, 0, 0, 0, 0, 17, 4, 26
"/Users/carltonaikins/Desktop/Home/Programming/projects/elisha/lib/src/providers/verse_of_the_day_future_provider.dart", "Dart", 0, 0, 7, 0, 0, 0, 0, 0, 0, 0, 17, 5, 29
"/Users/carltonaikins/Desktop/Home/Programming/projects/elisha/lib/src/providers/verse_of_the_day_service_provider.dart", "Dart", 0, 0, 6, 0, 0, 0, 0, 0, 0, 0, 17, 4, 27
"/Users/carltonaikins/Desktop/Home/Programming/projects/elisha/lib/src/providers/youtube_fetch_channel_future_provider.dart", "Dart", 0, 0, 8, 0, 0, 0, 0, 0, 0, 0, 18, 6, 32
"/Users/carltonaikins/Desktop/Home/Programming/projects/elisha/lib/src/providers/youtube_fetch_latest_church_video_future_provider.dart", "Dart", 0, 0, 5, 0, 0, 0, 0, 0, 0, 0, 17, 4, 26
"/Users/carltonaikins/Desktop/Home/Programming/projects/elisha/lib/src/providers/youtube_service_provider.dart", "Dart", 0, 0, 6, 0, 0, 0, 0, 0, 0, 0, 17, 4, 27
"/Users/carltonaikins/Desktop/Home/Programming/projects/elisha/lib/src/repositories/bible_repository.dart", "Dart", 0, 0, 319, 0, 0, 0, 0, 0, 0, 0, 17, 36, 372
"/Users/carltonaikins/Desktop/Home/Programming/projects/elisha/lib/src/repositories/last_translation_book_chapter_repository.dart", "Dart", 0, 0, 53, 0, 0, 0, 0, 0, 0, 0, 20, 19, 92
"/Users/carltonaikins/Desktop/Home/Programming/projects/elisha/lib/src/repositories/local_user_repository.dart", "Dart", 0, 0, 73, 0, 0, 0, 0, 0, 0, 0, 19, 24, 116
"/Users/carltonaikins/Desktop/Home/Programming/projects/elisha/lib/src/repositories/reader_settings_repository.dart", "Dart", 0, 0, 100, 0, 0, 0, 0, 0, 0, 0, 21, 23, 144
"/Users/carltonaikins/Desktop/Home/Programming/projects/elisha/lib/src/repositories/streaks_repository.dart", "Dart", 0, 0, 69, 0, 0, 0, 0, 0, 0, 0, 17, 23, 109
"/Users/carltonaikins/Desktop/Home/Programming/projects/elisha/lib/src/repositories/study_tools_repository.dart", "Dart", 0, 0, 63, 0, 0, 0, 0, 0, 0, 0, 19, 22, 104
"/Users/carltonaikins/Desktop/Home/Programming/projects/elisha/lib/src/services/ad_state.dart", "Dart", 0, 0, 76, 0, 0, 0, 0, 0, 0, 0, 19, 12, 107
"/Users/carltonaikins/Desktop/Home/Programming/projects/elisha/lib/src/services/bible_service.dart", "Dart", 0, 0, 137, 0, 0, 0, 0, 0, 0, 0, 17, 45, 199
"/Users/carltonaikins/Desktop/Home/Programming/projects/elisha/lib/src/services/daily_devotional_service.dart", "Dart", 0, 0, 18, 0, 0, 0, 0, 0, 0, 0, 18, 9, 45
"/Users/carltonaikins/Desktop/Home/Programming/projects/elisha/lib/src/services/daily_readings_service.dart", "Dart", 0, 0, 44, 0, 0, 0, 0, 0, 0, 0, 17, 15, 76
"/Users/carltonaikins/Desktop/Home/Programming/projects/elisha/lib/src/services/sunday_mass_service.dart", "Dart", 0, 0, 10, 0, 0, 0, 0, 0, 0, 0, 17, 4, 31
"/Users/carltonaikins/Desktop/Home/Programming/projects/elisha/lib/src/services/verse_of_the_day_service.dart", "Dart", 0, 0, 45, 0, 0, 0, 0, 0, 0, 0, 17, 10, 72
"/Users/carltonaikins/Desktop/Home/Programming/projects/elisha/lib/src/services/youtube_service.dart", "Dart", 0, 0, 77, 0, 0, 0, 0, 0, 0, 0, 20, 24, 121
"/Users/carltonaikins/Desktop/Home/Programming/projects/elisha/lib/src/ui/components/bible_reader.dart", "Dart", 0, 0, 96, 0, 0, 0, 0, 0, 0, 0, 18, 12, 126
"/Users/carltonaikins/Desktop/Home/Programming/projects/elisha/lib/src/ui/components/daily_devotional_card.dart", "Dart", 0, 0, 134, 0, 0, 0, 0, 0, 0, 0, 29, 16, 179
"/Users/carltonaikins/Desktop/Home/Programming/projects/elisha/lib/src/ui/components/error_body.dart", "Dart", 0, 0, 33, 0, 0, 0, 0, 0, 0, 0, 17, 4, 54
"/Users/carltonaikins/Desktop/Home/Programming/projects/elisha/lib/src/ui/components/error_card.dart", "Dart", 0, 0, 22, 0, 0, 0, 0, 0, 0, 0, 17, 4, 43
"/Users/carltonaikins/Desktop/Home/Programming/projects/elisha/lib/src/ui/components/loading_card.dart", "Dart", 0, 0, 39, 0, 0, 0, 0, 0, 0, 0, 17, 4, 60
"/Users/carltonaikins/Desktop/Home/Programming/projects/elisha/lib/src/ui/components/show_favorite_verse_bottom_sheet.dart", "Dart", 0, 0, 85, 0, 0, 0, 0, 0, 0, 0, 17, 9, 111
"/Users/carltonaikins/Desktop/Home/Programming/projects/elisha/lib/src/ui/components/something_went_wrong.dart", "Dart", 0, 0, 30, 0, 0, 0, 0, 0, 0, 0, 18, 4, 52
"/Users/carltonaikins/Desktop/Home/Programming/projects/elisha/lib/src/ui/components/streaks_card.dart", "Dart", 0, 0, 82, 0, 0, 0, 0, 0, 0, 0, 17, 9, 108
"/Users/carltonaikins/Desktop/Home/Programming/projects/elisha/lib/src/ui/components/sunday_mass_card.dart", "Dart", 0, 0, 92, 0, 0, 0, 0, 0, 0, 0, 17, 7, 116
"/Users/carltonaikins/Desktop/Home/Programming/projects/elisha/lib/src/ui/components/terms_and_privacy_policy_text.dart", "Dart", 0, 0, 33, 0, 0, 0, 0, 0, 0, 0, 17, 4, 54
"/Users/carltonaikins/Desktop/Home/Programming/projects/elisha/lib/src/ui/components/unexpected_error.dart", "Dart", 0, 0, 32, 0, 0, 0, 0, 0, 0, 0, 17, 5, 54
"/Users/carltonaikins/Desktop/Home/Programming/projects/elisha/lib/src/ui/components/verse_of_the_day_card.dart", "Dart", 0, 0, 217, 0, 0, 0, 0, 0, 0, 0, 17, 27, 261
"/Users/carltonaikins/Desktop/Home/Programming/projects/elisha/lib/src/ui/views/bible_view/bible_view.dart", "Dart", 0, 0, 798, 0, 0, 0, 0, 0, 0, 0, 17, 60, 875
"/Users/carltonaikins/Desktop/Home/Programming/projects/elisha/lib/src/ui/views/bible_view/components/translation_card.dart", "Dart", 0, 0, 46, 0, 0, 0, 0, 0, 0, 0, 19, 9, 74
"/Users/carltonaikins/Desktop/Home/Programming/projects/elisha/lib/src/ui/views/bookmarked_chapter_view/bookmarked_chapter_view.dart", "Dart", 0, 0, 107, 0, 0, 0, 0, 0, 0, 0, 17, 9, 133
"/Users/carltonaikins/Desktop/Home/Programming/projects/elisha/lib/src/ui/views/bookmarked_chapter_view/components/bookmarked_chapter_view_header.dart", "Dart", 0, 0, 30, 0, 0, 0, 0, 0, 0, 0, 17, 7, 54
"/Users/carltonaikins/Desktop/Home/Programming/projects/elisha/lib/src/ui/views/bookmarked_chapters_view/bookmarked_chapters_view.dart", "Dart", 0, 0, 121, 0, 0, 0, 0, 0, 0, 0, 17, 10, 148
"/Users/carltonaikins/Desktop/Home/Programming/projects/elisha/lib/src/ui/views/bookmarked_chapters_view/components/bookmarked_chapter_card.dart", "Dart", 0, 0, 42, 0, 0, 0, 0, 0, 0, 0, 17, 7, 66
"/Users/carltonaikins/Desktop/Home/Programming/projects/elisha/lib/src/ui/views/bookmarked_chapters_view/components/bookmarked_chapters_view_header.dart", "Dart", 0, 0, 25, 0, 0, 0, 0, 0, 0, 0, 17, 4, 46
"/Users/carltonaikins/Desktop/Home/Programming/projects/elisha/lib/src/ui/views/church_view/church_view.dart", "Dart", 0, 0, 71, 0, 0, 0, 0, 0, 0, 0, 17, 13, 101
"/Users/carltonaikins/Desktop/Home/Programming/projects/elisha/lib/src/ui/views/church_view/components/church_view_header.dart", "Dart", 0, 0, 12, 0, 0, 0, 0, 0, 0, 0, 17, 4, 33
"/Users/carltonaikins/Desktop/Home/Programming/projects/elisha/lib/src/ui/views/church_view/components/daily_readings_card.dart", "Dart", 0, 0, 67, 0, 0, 0, 0, 0, 0, 0, 17, 6, 90
"/Users/carltonaikins/Desktop/Home/Programming/projects/elisha/lib/src/ui/views/current_view.dart", "Dart", 0, 0, 129, 0, 0, 0, 0, 0, 0, 0, 17, 13, 159
"/Users/carltonaikins/Desktop/Home/Programming/projects/elisha/lib/src/ui/views/daily_devotional_view/components/daily_devotional_view_header.dart", "Dart", 0, 0, 11, 0, 0, 0, 0, 0, 0, 0, 17, 4, 32
"/Users/carltonaikins/Desktop/Home/Programming/projects/elisha/lib/src/ui/views/daily_devotional_view/daily_devotional_view.dart", "Dart", 0, 0, 92, 0, 0, 0, 0, 0, 0, 0, 17, 9, 118
"/Users/carltonaikins/Desktop/Home/Programming/projects/elisha/lib/src/ui/views/daily_readings_view/components/daily_readings_view_header.dart", "Dart", 0, 0, 15, 0, 0, 0, 0, 0, 0, 0, 17, 4, 36
"/Users/carltonaikins/Desktop/Home/Programming/projects/elisha/lib/src/ui/views/daily_readings_view/daily_readings_view.dart", "Dart", 0, 0, 134, 0, 0, 0, 0, 0, 0, 0, 17, 12, 163
"/Users/carltonaikins/Desktop/Home/Programming/projects/elisha/lib/src/ui/views/favorite_verses_view/components/favorite_verse_card.dart", "Dart", 0, 0, 92, 0, 0, 0, 0, 0, 0, 0, 17, 16, 125
"/Users/carltonaikins/Desktop/Home/Programming/projects/elisha/lib/src/ui/views/favorite_verses_view/components/favorite_verses_view_header.dart", "Dart", 0, 0, 23, 0, 0, 0, 0, 0, 0, 0, 17, 4, 44
"/Users/carltonaikins/Desktop/Home/Programming/projects/elisha/lib/src/ui/views/favorite_verses_view/favorite_verses_view.dart", "Dart", 0, 0, 58, 0, 0, 0, 0, 0, 0, 0, 17, 9, 84
"/Users/carltonaikins/Desktop/Home/Programming/projects/elisha/lib/src/ui/views/home_view/components/home_view_header.dart", "Dart", 0, 0, 35, 0, 0, 0, 0, 0, 0, 0, 17, 8, 60
"/Users/carltonaikins/Desktop/Home/Programming/projects/elisha/lib/src/ui/views/home_view/home_view.dart", "Dart", 0, 0, 126, 0, 0, 0, 0, 0, 0, 0, 17, 18, 161
"/Users/carltonaikins/Desktop/Home/Programming/projects/elisha/lib/src/ui/views/introduction_view/components/birth_date_input.dart", "Dart", 0, 0, 48, 0, 0, 0, 0, 0, 0, 0, 17, 5, 70
"/Users/carltonaikins/Desktop/Home/Programming/projects/elisha/lib/src/ui/views/introduction_view/components/first_name_input.dart", "Dart", 0, 0, 21, 0, 0, 0, 0, 0, 0, 0, 17, 5, 43
"/Users/carltonaikins/Desktop/Home/Programming/projects/elisha/lib/src/ui/views/introduction_view/components/last_name_input.dart", "Dart", 0, 0, 21, 0, 0, 0, 0, 0, 0, 0, 17, 5, 43
"/Users/carltonaikins/Desktop/Home/Programming/projects/elisha/lib/src/ui/views/introduction_view/introduction_view.dart", "Dart", 0, 0, 382, 0, 0, 0, 0, 0, 0, 0, 17, 26, 425
"/Users/carltonaikins/Desktop/Home/Programming/projects/elisha/lib/src/ui/views/login_wrapper.dart", "Dart", 0, 0, 41, 0, 0, 0, 0, 0, 0, 0, 17, 14, 72
"/Users/carltonaikins/Desktop/Home/Programming/projects/elisha/lib/src/ui/views/profile_view/components/about_card.dart", "Dart", 0, 0, 36, 0, 0, 0, 0, 0, 0, 0, 17, 5, 58
"/Users/carltonaikins/Desktop/Home/Programming/projects/elisha/lib/src/ui/views/profile_view/components/bookmarks_card.dart", "Dart", 0, 0, 36, 0, 0, 0, 0, 0, 0, 0, 17, 5, 58
"/Users/carltonaikins/Desktop/Home/Programming/projects/elisha/lib/src/ui/views/profile_view/components/favorite_verses_card.dart", "Dart", 0, 0, 34, 0, 0, 0, 0, 0, 0, 0, 17, 5, 56
"/Users/carltonaikins/Desktop/Home/Programming/projects/elisha/lib/src/ui/views/profile_view/components/privacy_policy_card.dart", "Dart", 0, 0, 36, 0, 0, 0, 0, 0, 0, 0, 17, 5, 58
"/Users/carltonaikins/Desktop/Home/Programming/projects/elisha/lib/src/ui/views/profile_view/components/profile_view_header.dart", "Dart", 0, 0, 20, 0, 0, 0, 0, 0, 0, 0, 17, 7, 44
"/Users/carltonaikins/Desktop/Home/Programming/projects/elisha/lib/src/ui/views/profile_view/components/settings_card.dart", "Dart", 0, 0, 36, 0, 0, 0, 0, 0, 0, 0, 17, 5, 58
"/Users/carltonaikins/Desktop/Home/Programming/projects/elisha/lib/src/ui/views/profile_view/components/support_card.dart", "Dart", 0, 0, 34, 0, 0, 0, 0, 0, 0, 0, 17, 5, 56
"/Users/carltonaikins/Desktop/Home/Programming/projects/elisha/lib/src/ui/views/profile_view/profile_view.dart", "Dart", 0, 0, 68, 0, 0, 0, 0, 0, 0, 0, 17, 7, 92
"/Users/carltonaikins/Desktop/Home/Programming/projects/elisha/lib/src/ui/views/settings_view/components/change_birth_date_card.dart", "Dart", 0, 0, 99, 0, 0, 0, 0, 0, 0, 0, 17, 8, 124
"/Users/carltonaikins/Desktop/Home/Programming/projects/elisha/lib/src/ui/views/settings_view/components/change_first_name_card.dart", "Dart", 0, 0, 68, 0, 0, 0, 0, 0, 0, 0, 17, 7, 92
"/Users/carltonaikins/Desktop/Home/Programming/projects/elisha/lib/src/ui/views/settings_view/components/change_last_name_card.dart", "Dart", 0, 0, 68, 0, 0, 0, 0, 0, 0, 0, 17, 7, 92
"/Users/carltonaikins/Desktop/Home/Programming/projects/elisha/lib/src/ui/views/settings_view/components/reader_settings_card.dart", "Dart", 0, 0, 292, 0, 0, 0, 0, 0, 0, 0, 17, 11, 320
"/Users/carltonaikins/Desktop/Home/Programming/projects/elisha/lib/src/ui/views/settings_view/components/settings_view_header.dart", "Dart", 0, 0, 12, 0, 0, 0, 0, 0, 0, 0, 17, 4, 33
"/Users/carltonaikins/Desktop/Home/Programming/projects/elisha/lib/src/ui/views/settings_view/settings_view.dart", "Dart", 0, 0, 61, 0, 0, 0, 0, 0, 0, 0, 17, 6, 84
"/Users/carltonaikins/Desktop/Home/Programming/projects/elisha/lib/src/ui/views/sunday_mass_view/components/church_youtube_channel_card.dart", "Dart", 0, 0, 123, 0, 0, 0, 0, 0, 0, 0, 17, 11, 151
"/Users/carltonaikins/Desktop/Home/Programming/projects/elisha/lib/src/ui/views/sunday_mass_view/components/sunday_mass_view_header.dart", "Dart", 0, 0, 12, 0, 0, 0, 0, 0, 0, 0, 17, 4, 33
"/Users/carltonaikins/Desktop/Home/Programming/projects/elisha/lib/src/ui/views/sunday_mass_view/sunday_mass_view.dart", "Dart", 0, 0, 98, 0, 0, 0, 0, 0, 0, 0, 17, 22, 137
"/Users/carltonaikins/Desktop/Home/Programming/projects/elisha/lib/src/ui/views/verse_of_the_day_view/verse_of_the_day_view.dart", "Dart", 0, 0, 227, 0, 0, 0, 0, 0, 0, 0, 17, 26, 270
"/Users/carltonaikins/Desktop/Home/Programming/projects/elisha/packages/youtube_player_flutter/.travis.yml", "YAML", 0, 0, 0, 85, 0, 0, 0, 0, 0, 0, 10, 14, 109
"/Users/carltonaikins/Desktop/Home/Programming/projects/elisha/packages/youtube_player_flutter/analysis_options.yaml", "YAML", 0, 0, 0, 52, 0, 0, 0, 0, 0, 0, 10, 4, 66
"/Users/carltonaikins/Desktop/Home/Programming/projects/elisha/packages/youtube_player_flutter/packages/youtube_player_iframe/lib/src/controller.dart", "Dart", 0, 0, 145, 0, 0, 0, 0, 0, 0, 0, 135, 44, 324
"/Users/carltonaikins/Desktop/Home/Programming/projects/elisha/packages/youtube_player_flutter/packages/youtube_player_iframe/lib/src/enums/playback_rate.dart", "Dart", 0, 0, 20, 0, 0, 0, 0, 0, 0, 0, 15, 10, 45
"/Users/carltonaikins/Desktop/Home/Programming/projects/elisha/packages/youtube_player_flutter/packages/youtube_player_iframe/lib/src/enums/player_state.dart", "Dart", 0, 0, 9, 0, 0, 0, 0, 0, 0, 0, 13, 8, 30
"/Users/carltonaikins/Desktop/Home/Programming/projects/elisha/packages/youtube_player_flutter/packages/youtube_player_iframe/lib/src/enums/playlist_type.dart", "Dart", 0, 0, 6, 0, 0, 0, 0, 0, 0, 0, 10, 5, 21
"/Users/carltonaikins/Desktop/Home/Programming/projects/elisha/packages/youtube_player_flutter/packages/youtube_player_iframe/lib/src/enums/thumbnail_quality.dart", "Dart", 0, 0, 7, 0, 0, 0, 0, 0, 0, 0, 9, 6, 22
"/Users/carltonaikins/Desktop/Home/Programming/projects/elisha/packages/youtube_player_flutter/packages/youtube_player_iframe/lib/src/enums/youtube_error.dart", "Dart", 0, 0, 28, 0, 0, 0, 0, 0, 0, 0, 16, 10, 54
"/Users/carltonaikins/Desktop/Home/Programming/projects/elisha/packages/youtube_player_flutter/packages/youtube_player_iframe/lib/src/helpers/player_fragments.dart", "Dart", 0, 0, 126, 0, 0, 0, 0, 0, 0, 0, 3, 5, 134
"/Users/carltonaikins/Desktop/Home/Programming/projects/elisha/packages/youtube_player_flutter/packages/youtube_player_iframe/lib/src/helpers/youtube_value_builder.dart", "Dart", 0, 0, 75, 0, 0, 0, 0, 0, 0, 0, 19, 15, 109
"/Users/carltonaikins/Desktop/Home/Programming/projects/elisha/packages/youtube_player_flutter/packages/youtube_player_iframe/lib/src/helpers/youtube_value_provider.dart", "Dart", 0, 0, 26, 0, 0, 0, 0, 0, 0, 0, 9, 8, 43
"/Users/carltonaikins/Desktop/Home/Programming/projects/elisha/packages/youtube_player_flutter/packages/youtube_player_iframe/lib/src/meta_data.dart", "Dart", 0, 0, 30, 0, 0, 0, 0, 0, 0, 0, 10, 8, 48
"/Users/carltonaikins/Desktop/Home/Programming/projects/elisha/packages/youtube_player_flutter/packages/youtube_player_iframe/lib/src/player_params.dart", "Dart", 0, 0, 48, 0, 0, 0, 0, 0, 0, 0, 104, 24, 176
"/Users/carltonaikins/Desktop/Home/Programming/projects/elisha/packages/youtube_player_flutter/packages/youtube_player_iframe/lib/src/player_value.dart", "Dart", 0, 0, 71, 0, 0, 0, 0, 0, 0, 0, 22, 16, 109
"/Users/carltonaikins/Desktop/Home/Programming/projects/elisha/packages/youtube_player_flutter/packages/youtube_player_iframe/lib/src/players/platform_view_stub.dart", "Dart", 0, 0, 3, 0, 0, 0, 0, 0, 0, 0, 4, 1, 8
"/Users/carltonaikins/Desktop/Home/Programming/projects/elisha/packages/youtube_player_flutter/packages/youtube_player_iframe/lib/src/players/youtube_player_mobile.dart", "Dart", 0, 0, 296, 0, 0, 0, 0, 0, 0, 0, 17, 27, 340
"/Users/carltonaikins/Desktop/Home/Programming/projects/elisha/packages/youtube_player_flutter/packages/youtube_player_iframe/lib/src/players/youtube_player_web.dart", "Dart", 0, 0, 208, 0, 0, 0, 0, 0, 0, 0, 9, 26, 243
"/Users/carltonaikins/Desktop/Home/Programming/projects/elisha/packages/youtube_player_flutter/packages/youtube_player_iframe/lib/youtube_player_iframe.dart", "Dart", 0, 0, 38, 0, 0, 0, 0, 0, 0, 0, 18, 10, 66
"/Users/carltonaikins/Desktop/Home/Programming/projects/elisha/packages/youtube_player_flutter/packages/youtube_player_iframe/pubspec.yaml", "YAML", 0, 0, 0, 16, 0, 0, 0, 0, 0, 0, 0, 4, 20
"/Users/carltonaikins/Desktop/Home/Programming/projects/elisha/pubspec.yaml", "YAML", 0, 0, 0, 99, 0, 0, 0, 0, 0, 0, 51, 25, 175
"/Users/carltonaikins/Desktop/Home/Programming/projects/elisha/scripts/git_committer.py", "Python", 0, 0, 0, 0, 0, 0, 0, 23, 0, 0, 9, 12, 44
"/Users/carltonaikins/Desktop/Home/Programming/projects/elisha/scripts/license_tool.py", "Python", 0, 0, 0, 0, 0, 0, 0, 26, 0, 0, 8, 13, 47
"Total", "-", 277667, 2046, 8056, 262, 8, 103, 162, 49, 1, 16, 2443, 1609, 292422